"date","series_id","value","realtime_start","realtime_end"
2020-01-01,"SP500",NA,2025-03-05,2025-03-05
2020-01-02,"SP500",3257.85,2025-03-05,2025-03-05
2020-01-03,"SP500",3234.85,2025-03-05,2025-03-05
2020-01-06,"SP500",3246.28,2025-03-05,2025-03-05
2020-01-07,"SP500",3237.18,2025-03-05,2025-03-05
2020-01-08,"SP500",3253.05,2025-03-05,2025-03-05
2020-01-09,"SP500",3274.7,2025-03-05,2025-03-05
2020-01-10,"SP500",3265.35,2025-03-05,2025-03-05
2020-01-13,"SP500",3288.13,2025-03-05,2025-03-05
2020-01-14,"SP500",3283.15,2025-03-05,2025-03-05
2020-01-15,"SP500",3289.29,2025-03-05,2025-03-05
2020-01-16,"SP500",3316.81,2025-03-05,2025-03-05
2020-01-17,"SP500",3329.62,2025-03-05,2025-03-05
2020-01-20,"SP500",NA,2025-03-05,2025-03-05
2020-01-21,"SP500",3320.79,2025-03-05,2025-03-05
2020-01-22,"SP500",3321.75,2025-03-05,2025-03-05
2020-01-23,"SP500",3325.54,2025-03-05,2025-03-05
2020-01-24,"SP500",3295.47,2025-03-05,2025-03-05
2020-01-27,"SP500",3243.63,2025-03-05,2025-03-05
2020-01-28,"SP500",3276.24,2025-03-05,2025-03-05
2020-01-29,"SP500",3273.4,2025-03-05,2025-03-05
2020-01-30,"SP500",3283.66,2025-03-05,2025-03-05
2020-01-31,"SP500",3225.52,2025-03-05,2025-03-05
2020-02-03,"SP500",3248.92,2025-03-05,2025-03-05
2020-02-04,"SP500",3297.59,2025-03-05,2025-03-05
2020-02-05,"SP500",3334.69,2025-03-05,2025-03-05
2020-02-06,"SP500",3345.78,2025-03-05,2025-03-05
2020-02-07,"SP500",3327.71,2025-03-05,2025-03-05
2020-02-10,"SP500",3352.09,2025-03-05,2025-03-05
2020-02-11,"SP500",3357.75,2025-03-05,2025-03-05
2020-02-12,"SP500",3379.45,2025-03-05,2025-03-05
2020-02-13,"SP500",3373.94,2025-03-05,2025-03-05
2020-02-14,"SP500",3380.16,2025-03-05,2025-03-05
2020-02-17,"SP500",NA,2025-03-05,2025-03-05
2020-02-18,"SP500",3370.29,2025-03-05,2025-03-05
2020-02-19,"SP500",3386.15,2025-03-05,2025-03-05
2020-02-20,"SP500",3373.23,2025-03-05,2025-03-05
2020-02-21,"SP500",3337.75,2025-03-05,2025-03-05
2020-02-24,"SP500",3225.89,2025-03-05,2025-03-05
2020-02-25,"SP500",3128.21,2025-03-05,2025-03-05
2020-02-26,"SP500",3116.39,2025-03-05,2025-03-05
2020-02-27,"SP500",2978.76,2025-03-05,2025-03-05
2020-02-28,"SP500",2954.22,2025-03-05,2025-03-05
2020-03-02,"SP500",3090.23,2025-03-05,2025-03-05
2020-03-03,"SP500",3003.37,2025-03-05,2025-03-05
2020-03-04,"SP500",3130.12,2025-03-05,2025-03-05
2020-03-05,"SP500",3023.94,2025-03-05,2025-03-05
2020-03-06,"SP500",2972.37,2025-03-05,2025-03-05
2020-03-09,"SP500",2746.56,2025-03-05,2025-03-05
2020-03-10,"SP500",2882.23,2025-03-05,2025-03-05
2020-03-11,"SP500",2741.38,2025-03-05,2025-03-05
2020-03-12,"SP500",2480.64,2025-03-05,2025-03-05
2020-03-13,"SP500",2711.02,2025-03-05,2025-03-05
2020-03-16,"SP500",2386.13,2025-03-05,2025-03-05
2020-03-17,"SP500",2529.19,2025-03-05,2025-03-05
2020-03-18,"SP500",2398.1,2025-03-05,2025-03-05
2020-03-19,"SP500",2409.39,2025-03-05,2025-03-05
2020-03-20,"SP500",2304.92,2025-03-05,2025-03-05
2020-03-23,"SP500",2237.4,2025-03-05,2025-03-05
2020-03-24,"SP500",2447.33,2025-03-05,2025-03-05
2020-03-25,"SP500",2475.56,2025-03-05,2025-03-05
2020-03-26,"SP500",2630.07,2025-03-05,2025-03-05
2020-03-27,"SP500",2541.47,2025-03-05,2025-03-05
2020-03-30,"SP500",2626.65,2025-03-05,2025-03-05
2020-03-31,"SP500",2584.59,2025-03-05,2025-03-05
2020-04-01,"SP500",2470.5,2025-03-05,2025-03-05
2020-04-02,"SP500",2526.9,2025-03-05,2025-03-05
2020-04-03,"SP500",2488.65,2025-03-05,2025-03-05
2020-04-06,"SP500",2663.68,2025-03-05,2025-03-05
2020-04-07,"SP500",2659.41,2025-03-05,2025-03-05
2020-04-08,"SP500",2749.98,2025-03-05,2025-03-05
2020-04-09,"SP500",2789.82,2025-03-05,2025-03-05
2020-04-10,"SP500",NA,2025-03-05,2025-03-05
2020-04-13,"SP500",2761.63,2025-03-05,2025-03-05
2020-04-14,"SP500",2846.06,2025-03-05,2025-03-05
2020-04-15,"SP500",2783.36,2025-03-05,2025-03-05
2020-04-16,"SP500",2799.55,2025-03-05,2025-03-05
2020-04-17,"SP500",2874.56,2025-03-05,2025-03-05
2020-04-20,"SP500",2823.16,2025-03-05,2025-03-05
2020-04-21,"SP500",2736.56,2025-03-05,2025-03-05
2020-04-22,"SP500",2799.31,2025-03-05,2025-03-05
2020-04-23,"SP500",2797.8,2025-03-05,2025-03-05
2020-04-24,"SP500",2836.74,2025-03-05,2025-03-05
2020-04-27,"SP500",2878.48,2025-03-05,2025-03-05
2020-04-28,"SP500",2863.39,2025-03-05,2025-03-05
2020-04-29,"SP500",2939.51,2025-03-05,2025-03-05
2020-04-30,"SP500",2912.43,2025-03-05,2025-03-05
2020-05-01,"SP500",2830.71,2025-03-05,2025-03-05
2020-05-04,"SP500",2842.74,2025-03-05,2025-03-05
2020-05-05,"SP500",2868.44,2025-03-05,2025-03-05
2020-05-06,"SP500",2848.42,2025-03-05,2025-03-05
2020-05-07,"SP500",2881.19,2025-03-05,2025-03-05
2020-05-08,"SP500",2929.8,2025-03-05,2025-03-05
2020-05-11,"SP500",2930.32,2025-03-05,2025-03-05
2020-05-12,"SP500",2870.12,2025-03-05,2025-03-05
2020-05-13,"SP500",2820,2025-03-05,2025-03-05
2020-05-14,"SP500",2852.5,2025-03-05,2025-03-05
2020-05-15,"SP500",2863.7,2025-03-05,2025-03-05
2020-05-18,"SP500",2953.91,2025-03-05,2025-03-05
2020-05-19,"SP500",2922.94,2025-03-05,2025-03-05
2020-05-20,"SP500",2971.61,2025-03-05,2025-03-05
2020-05-21,"SP500",2948.51,2025-03-05,2025-03-05
2020-05-22,"SP500",2955.45,2025-03-05,2025-03-05
2020-05-25,"SP500",NA,2025-03-05,2025-03-05
2020-05-26,"SP500",2991.77,2025-03-05,2025-03-05
2020-05-27,"SP500",3036.13,2025-03-05,2025-03-05
2020-05-28,"SP500",3029.73,2025-03-05,2025-03-05
2020-05-29,"SP500",3044.31,2025-03-05,2025-03-05
2020-06-01,"SP500",3055.73,2025-03-05,2025-03-05
2020-06-02,"SP500",3080.82,2025-03-05,2025-03-05
2020-06-03,"SP500",3122.87,2025-03-05,2025-03-05
2020-06-04,"SP500",3112.35,2025-03-05,2025-03-05
2020-06-05,"SP500",3193.93,2025-03-05,2025-03-05
2020-06-08,"SP500",3232.39,2025-03-05,2025-03-05
2020-06-09,"SP500",3207.18,2025-03-05,2025-03-05
2020-06-10,"SP500",3190.14,2025-03-05,2025-03-05
2020-06-11,"SP500",3002.1,2025-03-05,2025-03-05
2020-06-12,"SP500",3041.31,2025-03-05,2025-03-05
2020-06-15,"SP500",3066.59,2025-03-05,2025-03-05
2020-06-16,"SP500",3124.74,2025-03-05,2025-03-05
2020-06-17,"SP500",3113.49,2025-03-05,2025-03-05
2020-06-18,"SP500",3115.34,2025-03-05,2025-03-05
2020-06-19,"SP500",3097.74,2025-03-05,2025-03-05
2020-06-22,"SP500",3117.86,2025-03-05,2025-03-05
2020-06-23,"SP500",3131.29,2025-03-05,2025-03-05
2020-06-24,"SP500",3050.33,2025-03-05,2025-03-05
2020-06-25,"SP500",3083.76,2025-03-05,2025-03-05
2020-06-26,"SP500",3009.05,2025-03-05,2025-03-05
2020-06-29,"SP500",3053.24,2025-03-05,2025-03-05
2020-06-30,"SP500",3100.29,2025-03-05,2025-03-05
2020-07-01,"SP500",3115.86,2025-03-05,2025-03-05
2020-07-02,"SP500",3130.01,2025-03-05,2025-03-05
2020-07-03,"SP500",NA,2025-03-05,2025-03-05
2020-07-06,"SP500",3179.72,2025-03-05,2025-03-05
2020-07-07,"SP500",3145.32,2025-03-05,2025-03-05
2020-07-08,"SP500",3169.94,2025-03-05,2025-03-05
2020-07-09,"SP500",3152.05,2025-03-05,2025-03-05
2020-07-10,"SP500",3185.04,2025-03-05,2025-03-05
2020-07-13,"SP500",3155.22,2025-03-05,2025-03-05
2020-07-14,"SP500",3197.52,2025-03-05,2025-03-05
2020-07-15,"SP500",3226.56,2025-03-05,2025-03-05
2020-07-16,"SP500",3215.57,2025-03-05,2025-03-05
2020-07-17,"SP500",3224.73,2025-03-05,2025-03-05
2020-07-20,"SP500",3251.84,2025-03-05,2025-03-05
2020-07-21,"SP500",3257.3,2025-03-05,2025-03-05
2020-07-22,"SP500",3276.02,2025-03-05,2025-03-05
2020-07-23,"SP500",3235.66,2025-03-05,2025-03-05
2020-07-24,"SP500",3215.63,2025-03-05,2025-03-05
2020-07-27,"SP500",3239.41,2025-03-05,2025-03-05
2020-07-28,"SP500",3218.44,2025-03-05,2025-03-05
2020-07-29,"SP500",3258.44,2025-03-05,2025-03-05
2020-07-30,"SP500",3246.22,2025-03-05,2025-03-05
2020-07-31,"SP500",3271.12,2025-03-05,2025-03-05
2020-08-03,"SP500",3294.61,2025-03-05,2025-03-05
2020-08-04,"SP500",3306.51,2025-03-05,2025-03-05
2020-08-05,"SP500",3327.77,2025-03-05,2025-03-05
2020-08-06,"SP500",3349.16,2025-03-05,2025-03-05
2020-08-07,"SP500",3351.28,2025-03-05,2025-03-05
2020-08-10,"SP500",3360.47,2025-03-05,2025-03-05
2020-08-11,"SP500",3333.69,2025-03-05,2025-03-05
2020-08-12,"SP500",3380.35,2025-03-05,2025-03-05
2020-08-13,"SP500",3373.43,2025-03-05,2025-03-05
2020-08-14,"SP500",3372.85,2025-03-05,2025-03-05
2020-08-17,"SP500",3381.99,2025-03-05,2025-03-05
2020-08-18,"SP500",3389.78,2025-03-05,2025-03-05
2020-08-19,"SP500",3374.85,2025-03-05,2025-03-05
2020-08-20,"SP500",3385.51,2025-03-05,2025-03-05
2020-08-21,"SP500",3397.16,2025-03-05,2025-03-05
2020-08-24,"SP500",3431.28,2025-03-05,2025-03-05
2020-08-25,"SP500",3443.62,2025-03-05,2025-03-05
2020-08-26,"SP500",3478.73,2025-03-05,2025-03-05
2020-08-27,"SP500",3484.55,2025-03-05,2025-03-05
2020-08-28,"SP500",3508.01,2025-03-05,2025-03-05
2020-08-31,"SP500",3500.31,2025-03-05,2025-03-05
2020-09-01,"SP500",3526.65,2025-03-05,2025-03-05
2020-09-02,"SP500",3580.84,2025-03-05,2025-03-05
2020-09-03,"SP500",3455.06,2025-03-05,2025-03-05
2020-09-04,"SP500",3426.96,2025-03-05,2025-03-05
2020-09-07,"SP500",NA,2025-03-05,2025-03-05
2020-09-08,"SP500",3331.84,2025-03-05,2025-03-05
2020-09-09,"SP500",3398.96,2025-03-05,2025-03-05
2020-09-10,"SP500",3339.19,2025-03-05,2025-03-05
2020-09-11,"SP500",3340.97,2025-03-05,2025-03-05
2020-09-14,"SP500",3383.54,2025-03-05,2025-03-05
2020-09-15,"SP500",3401.2,2025-03-05,2025-03-05
2020-09-16,"SP500",3385.49,2025-03-05,2025-03-05
2020-09-17,"SP500",3357.01,2025-03-05,2025-03-05
2020-09-18,"SP500",3319.47,2025-03-05,2025-03-05
2020-09-21,"SP500",3281.06,2025-03-05,2025-03-05
2020-09-22,"SP500",3315.57,2025-03-05,2025-03-05
2020-09-23,"SP500",3236.92,2025-03-05,2025-03-05
2020-09-24,"SP500",3246.59,2025-03-05,2025-03-05
2020-09-25,"SP500",3298.46,2025-03-05,2025-03-05
2020-09-28,"SP500",3351.6,2025-03-05,2025-03-05
2020-09-29,"SP500",3335.47,2025-03-05,2025-03-05
2020-09-30,"SP500",3363,2025-03-05,2025-03-05
2020-10-01,"SP500",3380.8,2025-03-05,2025-03-05
2020-10-02,"SP500",3348.44,2025-03-05,2025-03-05
2020-10-05,"SP500",3408.63,2025-03-05,2025-03-05
2020-10-06,"SP500",3360.95,2025-03-05,2025-03-05
2020-10-07,"SP500",3419.45,2025-03-05,2025-03-05
2020-10-08,"SP500",3446.83,2025-03-05,2025-03-05
2020-10-09,"SP500",3477.13,2025-03-05,2025-03-05
2020-10-12,"SP500",3534.22,2025-03-05,2025-03-05
2020-10-13,"SP500",3511.93,2025-03-05,2025-03-05
2020-10-14,"SP500",3488.67,2025-03-05,2025-03-05
2020-10-15,"SP500",3483.34,2025-03-05,2025-03-05
2020-10-16,"SP500",3483.81,2025-03-05,2025-03-05
2020-10-19,"SP500",3426.92,2025-03-05,2025-03-05
2020-10-20,"SP500",3443.12,2025-03-05,2025-03-05
2020-10-21,"SP500",3435.56,2025-03-05,2025-03-05
2020-10-22,"SP500",3453.49,2025-03-05,2025-03-05
2020-10-23,"SP500",3465.39,2025-03-05,2025-03-05
2020-10-26,"SP500",3400.97,2025-03-05,2025-03-05
2020-10-27,"SP500",3390.68,2025-03-05,2025-03-05
2020-10-28,"SP500",3271.03,2025-03-05,2025-03-05
2020-10-29,"SP500",3310.11,2025-03-05,2025-03-05
2020-10-30,"SP500",3269.96,2025-03-05,2025-03-05
2020-11-02,"SP500",3310.24,2025-03-05,2025-03-05
2020-11-03,"SP500",3369.16,2025-03-05,2025-03-05
2020-11-04,"SP500",3443.44,2025-03-05,2025-03-05
2020-11-05,"SP500",3510.45,2025-03-05,2025-03-05
2020-11-06,"SP500",3509.44,2025-03-05,2025-03-05
2020-11-09,"SP500",3550.5,2025-03-05,2025-03-05
2020-11-10,"SP500",3545.53,2025-03-05,2025-03-05
2020-11-11,"SP500",3572.66,2025-03-05,2025-03-05
2020-11-12,"SP500",3537.01,2025-03-05,2025-03-05
2020-11-13,"SP500",3585.15,2025-03-05,2025-03-05
2020-11-16,"SP500",3626.91,2025-03-05,2025-03-05
2020-11-17,"SP500",3609.53,2025-03-05,2025-03-05
2020-11-18,"SP500",3567.79,2025-03-05,2025-03-05
2020-11-19,"SP500",3581.87,2025-03-05,2025-03-05
2020-11-20,"SP500",3557.54,2025-03-05,2025-03-05
2020-11-23,"SP500",3577.59,2025-03-05,2025-03-05
2020-11-24,"SP500",3635.41,2025-03-05,2025-03-05
2020-11-25,"SP500",3629.65,2025-03-05,2025-03-05
2020-11-26,"SP500",NA,2025-03-05,2025-03-05
2020-11-27,"SP500",3638.35,2025-03-05,2025-03-05
2020-11-30,"SP500",3621.63,2025-03-05,2025-03-05
2020-12-01,"SP500",3662.45,2025-03-05,2025-03-05
2020-12-02,"SP500",3669.01,2025-03-05,2025-03-05
2020-12-03,"SP500",3666.72,2025-03-05,2025-03-05
2020-12-04,"SP500",3699.12,2025-03-05,2025-03-05
2020-12-07,"SP500",3691.96,2025-03-05,2025-03-05
2020-12-08,"SP500",3702.25,2025-03-05,2025-03-05
2020-12-09,"SP500",3672.82,2025-03-05,2025-03-05
2020-12-10,"SP500",3668.1,2025-03-05,2025-03-05
2020-12-11,"SP500",3663.46,2025-03-05,2025-03-05
2020-12-14,"SP500",3647.49,2025-03-05,2025-03-05
2020-12-15,"SP500",3694.62,2025-03-05,2025-03-05
2020-12-16,"SP500",3701.17,2025-03-05,2025-03-05
2020-12-17,"SP500",3722.48,2025-03-05,2025-03-05
2020-12-18,"SP500",3709.41,2025-03-05,2025-03-05
2020-12-21,"SP500",3694.92,2025-03-05,2025-03-05
2020-12-22,"SP500",3687.26,2025-03-05,2025-03-05
2020-12-23,"SP500",3690.01,2025-03-05,2025-03-05
2020-12-24,"SP500",3703.06,2025-03-05,2025-03-05
2020-12-25,"SP500",NA,2025-03-05,2025-03-05
2020-12-28,"SP500",3735.36,2025-03-05,2025-03-05
2020-12-29,"SP500",3727.04,2025-03-05,2025-03-05
2020-12-30,"SP500",3732.04,2025-03-05,2025-03-05
2020-12-31,"SP500",3756.07,2025-03-05,2025-03-05
2021-01-01,"SP500",NA,2025-03-05,2025-03-05
2021-01-04,"SP500",3700.65,2025-03-05,2025-03-05
2021-01-05,"SP500",3726.86,2025-03-05,2025-03-05
2021-01-06,"SP500",3748.14,2025-03-05,2025-03-05
2021-01-07,"SP500",3803.79,2025-03-05,2025-03-05
2021-01-08,"SP500",3824.68,2025-03-05,2025-03-05
2021-01-11,"SP500",3799.61,2025-03-05,2025-03-05
2021-01-12,"SP500",3801.19,2025-03-05,2025-03-05
2021-01-13,"SP500",3809.84,2025-03-05,2025-03-05
2021-01-14,"SP500",3795.54,2025-03-05,2025-03-05
2021-01-15,"SP500",3768.25,2025-03-05,2025-03-05
2021-01-18,"SP500",NA,2025-03-05,2025-03-05
2021-01-19,"SP500",3798.91,2025-03-05,2025-03-05
2021-01-20,"SP500",3851.85,2025-03-05,2025-03-05
2021-01-21,"SP500",3853.07,2025-03-05,2025-03-05
2021-01-22,"SP500",3841.47,2025-03-05,2025-03-05
2021-01-25,"SP500",3855.36,2025-03-05,2025-03-05
2021-01-26,"SP500",3849.62,2025-03-05,2025-03-05
2021-01-27,"SP500",3750.77,2025-03-05,2025-03-05
2021-01-28,"SP500",3787.38,2025-03-05,2025-03-05
2021-01-29,"SP500",3714.24,2025-03-05,2025-03-05
2021-02-01,"SP500",3773.86,2025-03-05,2025-03-05
2021-02-02,"SP500",3826.31,2025-03-05,2025-03-05
2021-02-03,"SP500",3830.17,2025-03-05,2025-03-05
2021-02-04,"SP500",3871.74,2025-03-05,2025-03-05
2021-02-05,"SP500",3886.83,2025-03-05,2025-03-05
2021-02-08,"SP500",3915.59,2025-03-05,2025-03-05
2021-02-09,"SP500",3911.23,2025-03-05,2025-03-05
2021-02-10,"SP500",3909.88,2025-03-05,2025-03-05
2021-02-11,"SP500",3916.38,2025-03-05,2025-03-05
2021-02-12,"SP500",3934.83,2025-03-05,2025-03-05
2021-02-15,"SP500",NA,2025-03-05,2025-03-05
2021-02-16,"SP500",3932.59,2025-03-05,2025-03-05
2021-02-17,"SP500",3931.33,2025-03-05,2025-03-05
2021-02-18,"SP500",3913.97,2025-03-05,2025-03-05
2021-02-19,"SP500",3906.71,2025-03-05,2025-03-05
2021-02-22,"SP500",3876.5,2025-03-05,2025-03-05
2021-02-23,"SP500",3881.37,2025-03-05,2025-03-05
2021-02-24,"SP500",3925.43,2025-03-05,2025-03-05
2021-02-25,"SP500",3829.34,2025-03-05,2025-03-05
2021-02-26,"SP500",3811.15,2025-03-05,2025-03-05
2021-03-01,"SP500",3901.82,2025-03-05,2025-03-05
2021-03-02,"SP500",3870.29,2025-03-05,2025-03-05
2021-03-03,"SP500",3819.72,2025-03-05,2025-03-05
2021-03-04,"SP500",3768.47,2025-03-05,2025-03-05
2021-03-05,"SP500",3841.94,2025-03-05,2025-03-05
2021-03-08,"SP500",3821.35,2025-03-05,2025-03-05
2021-03-09,"SP500",3875.44,2025-03-05,2025-03-05
2021-03-10,"SP500",3898.81,2025-03-05,2025-03-05
2021-03-11,"SP500",3939.34,2025-03-05,2025-03-05
2021-03-12,"SP500",3943.34,2025-03-05,2025-03-05
2021-03-15,"SP500",3968.94,2025-03-05,2025-03-05
2021-03-16,"SP500",3962.71,2025-03-05,2025-03-05
2021-03-17,"SP500",3974.12,2025-03-05,2025-03-05
2021-03-18,"SP500",3915.46,2025-03-05,2025-03-05
2021-03-19,"SP500",3913.1,2025-03-05,2025-03-05
2021-03-22,"SP500",3940.59,2025-03-05,2025-03-05
2021-03-23,"SP500",3910.52,2025-03-05,2025-03-05
2021-03-24,"SP500",3889.14,2025-03-05,2025-03-05
2021-03-25,"SP500",3909.52,2025-03-05,2025-03-05
2021-03-26,"SP500",3974.54,2025-03-05,2025-03-05
2021-03-29,"SP500",3971.09,2025-03-05,2025-03-05
2021-03-30,"SP500",3958.55,2025-03-05,2025-03-05
2021-03-31,"SP500",3972.89,2025-03-05,2025-03-05
2021-04-01,"SP500",4019.87,2025-03-05,2025-03-05
2021-04-02,"SP500",NA,2025-03-05,2025-03-05
2021-04-05,"SP500",4077.91,2025-03-05,2025-03-05
2021-04-06,"SP500",4073.94,2025-03-05,2025-03-05
2021-04-07,"SP500",4079.95,2025-03-05,2025-03-05
2021-04-08,"SP500",4097.17,2025-03-05,2025-03-05
2021-04-09,"SP500",4128.8,2025-03-05,2025-03-05
2021-04-12,"SP500",4127.99,2025-03-05,2025-03-05
2021-04-13,"SP500",4141.59,2025-03-05,2025-03-05
2021-04-14,"SP500",4124.66,2025-03-05,2025-03-05
2021-04-15,"SP500",4170.42,2025-03-05,2025-03-05
2021-04-16,"SP500",4185.47,2025-03-05,2025-03-05
2021-04-19,"SP500",4163.26,2025-03-05,2025-03-05
2021-04-20,"SP500",4134.94,2025-03-05,2025-03-05
2021-04-21,"SP500",4173.42,2025-03-05,2025-03-05
2021-04-22,"SP500",4134.98,2025-03-05,2025-03-05
2021-04-23,"SP500",4180.17,2025-03-05,2025-03-05
2021-04-26,"SP500",4187.62,2025-03-05,2025-03-05
2021-04-27,"SP500",4186.72,2025-03-05,2025-03-05
2021-04-28,"SP500",4183.18,2025-03-05,2025-03-05
2021-04-29,"SP500",4211.47,2025-03-05,2025-03-05
2021-04-30,"SP500",4181.17,2025-03-05,2025-03-05
2021-05-03,"SP500",4192.66,2025-03-05,2025-03-05
2021-05-04,"SP500",4164.66,2025-03-05,2025-03-05
2021-05-05,"SP500",4167.59,2025-03-05,2025-03-05
2021-05-06,"SP500",4201.62,2025-03-05,2025-03-05
2021-05-07,"SP500",4232.6,2025-03-05,2025-03-05
2021-05-10,"SP500",4188.43,2025-03-05,2025-03-05
2021-05-11,"SP500",4152.1,2025-03-05,2025-03-05
2021-05-12,"SP500",4063.04,2025-03-05,2025-03-05
2021-05-13,"SP500",4112.5,2025-03-05,2025-03-05
2021-05-14,"SP500",4173.85,2025-03-05,2025-03-05
2021-05-17,"SP500",4163.29,2025-03-05,2025-03-05
2021-05-18,"SP500",4127.83,2025-03-05,2025-03-05
2021-05-19,"SP500",4115.68,2025-03-05,2025-03-05
2021-05-20,"SP500",4159.12,2025-03-05,2025-03-05
2021-05-21,"SP500",4155.86,2025-03-05,2025-03-05
2021-05-24,"SP500",4197.05,2025-03-05,2025-03-05
2021-05-25,"SP500",4188.13,2025-03-05,2025-03-05
2021-05-26,"SP500",4195.99,2025-03-05,2025-03-05
2021-05-27,"SP500",4200.88,2025-03-05,2025-03-05
2021-05-28,"SP500",4204.11,2025-03-05,2025-03-05
2021-05-31,"SP500",NA,2025-03-05,2025-03-05
2021-06-01,"SP500",4202.04,2025-03-05,2025-03-05
2021-06-02,"SP500",4208.12,2025-03-05,2025-03-05
2021-06-03,"SP500",4192.85,2025-03-05,2025-03-05
2021-06-04,"SP500",4229.89,2025-03-05,2025-03-05
2021-06-07,"SP500",4226.52,2025-03-05,2025-03-05
2021-06-08,"SP500",4227.26,2025-03-05,2025-03-05
2021-06-09,"SP500",4219.55,2025-03-05,2025-03-05
2021-06-10,"SP500",4239.18,2025-03-05,2025-03-05
2021-06-11,"SP500",4247.44,2025-03-05,2025-03-05
2021-06-14,"SP500",4255.15,2025-03-05,2025-03-05
2021-06-15,"SP500",4246.59,2025-03-05,2025-03-05
2021-06-16,"SP500",4223.7,2025-03-05,2025-03-05
2021-06-17,"SP500",4221.86,2025-03-05,2025-03-05
2021-06-18,"SP500",4166.45,2025-03-05,2025-03-05
2021-06-21,"SP500",4224.79,2025-03-05,2025-03-05
2021-06-22,"SP500",4246.44,2025-03-05,2025-03-05
2021-06-23,"SP500",4241.84,2025-03-05,2025-03-05
2021-06-24,"SP500",4266.49,2025-03-05,2025-03-05
2021-06-25,"SP500",4280.7,2025-03-05,2025-03-05
2021-06-28,"SP500",4290.61,2025-03-05,2025-03-05
2021-06-29,"SP500",4291.8,2025-03-05,2025-03-05
2021-06-30,"SP500",4297.5,2025-03-05,2025-03-05
2021-07-01,"SP500",4319.94,2025-03-05,2025-03-05
2021-07-02,"SP500",4352.34,2025-03-05,2025-03-05
2021-07-05,"SP500",NA,2025-03-05,2025-03-05
2021-07-06,"SP500",4343.54,2025-03-05,2025-03-05
2021-07-07,"SP500",4358.13,2025-03-05,2025-03-05
2021-07-08,"SP500",4320.82,2025-03-05,2025-03-05
2021-07-09,"SP500",4369.55,2025-03-05,2025-03-05
2021-07-12,"SP500",4384.63,2025-03-05,2025-03-05
2021-07-13,"SP500",4369.21,2025-03-05,2025-03-05
2021-07-14,"SP500",4374.3,2025-03-05,2025-03-05
2021-07-15,"SP500",4360.03,2025-03-05,2025-03-05
2021-07-16,"SP500",4327.16,2025-03-05,2025-03-05
2021-07-19,"SP500",4258.49,2025-03-05,2025-03-05
2021-07-20,"SP500",4323.06,2025-03-05,2025-03-05
2021-07-21,"SP500",4358.69,2025-03-05,2025-03-05
2021-07-22,"SP500",4367.48,2025-03-05,2025-03-05
2021-07-23,"SP500",4411.79,2025-03-05,2025-03-05
2021-07-26,"SP500",4422.3,2025-03-05,2025-03-05
2021-07-27,"SP500",4401.46,2025-03-05,2025-03-05
2021-07-28,"SP500",4400.64,2025-03-05,2025-03-05
2021-07-29,"SP500",4419.15,2025-03-05,2025-03-05
2021-07-30,"SP500",4395.26,2025-03-05,2025-03-05
2021-08-02,"SP500",4387.16,2025-03-05,2025-03-05
2021-08-03,"SP500",4423.15,2025-03-05,2025-03-05
2021-08-04,"SP500",4402.66,2025-03-05,2025-03-05
2021-08-05,"SP500",4429.1,2025-03-05,2025-03-05
2021-08-06,"SP500",4436.52,2025-03-05,2025-03-05
2021-08-09,"SP500",4432.35,2025-03-05,2025-03-05
2021-08-10,"SP500",4436.75,2025-03-05,2025-03-05
2021-08-11,"SP500",4447.7,2025-03-05,2025-03-05
2021-08-12,"SP500",4460.83,2025-03-05,2025-03-05
2021-08-13,"SP500",4468,2025-03-05,2025-03-05
2021-08-16,"SP500",4479.71,2025-03-05,2025-03-05
2021-08-17,"SP500",4448.08,2025-03-05,2025-03-05
2021-08-18,"SP500",4400.27,2025-03-05,2025-03-05
2021-08-19,"SP500",4405.8,2025-03-05,2025-03-05
2021-08-20,"SP500",4441.67,2025-03-05,2025-03-05
2021-08-23,"SP500",4479.53,2025-03-05,2025-03-05
2021-08-24,"SP500",4486.23,2025-03-05,2025-03-05
2021-08-25,"SP500",4496.19,2025-03-05,2025-03-05
2021-08-26,"SP500",4470,2025-03-05,2025-03-05
2021-08-27,"SP500",4509.37,2025-03-05,2025-03-05
2021-08-30,"SP500",4528.79,2025-03-05,2025-03-05
2021-08-31,"SP500",4522.68,2025-03-05,2025-03-05
2021-09-01,"SP500",4524.09,2025-03-05,2025-03-05
2021-09-02,"SP500",4536.95,2025-03-05,2025-03-05
2021-09-03,"SP500",4535.43,2025-03-05,2025-03-05
2021-09-06,"SP500",NA,2025-03-05,2025-03-05
2021-09-07,"SP500",4520.03,2025-03-05,2025-03-05
2021-09-08,"SP500",4514.07,2025-03-05,2025-03-05
2021-09-09,"SP500",4493.28,2025-03-05,2025-03-05
2021-09-10,"SP500",4458.58,2025-03-05,2025-03-05
2021-09-13,"SP500",4468.73,2025-03-05,2025-03-05
2021-09-14,"SP500",4443.05,2025-03-05,2025-03-05
2021-09-15,"SP500",4480.7,2025-03-05,2025-03-05
2021-09-16,"SP500",4473.75,2025-03-05,2025-03-05
2021-09-17,"SP500",4432.99,2025-03-05,2025-03-05
2021-09-20,"SP500",4357.73,2025-03-05,2025-03-05
2021-09-21,"SP500",4354.19,2025-03-05,2025-03-05
2021-09-22,"SP500",4395.64,2025-03-05,2025-03-05
2021-09-23,"SP500",4448.98,2025-03-05,2025-03-05
2021-09-24,"SP500",4455.48,2025-03-05,2025-03-05
2021-09-27,"SP500",4443.11,2025-03-05,2025-03-05
2021-09-28,"SP500",4352.63,2025-03-05,2025-03-05
2021-09-29,"SP500",4359.46,2025-03-05,2025-03-05
2021-09-30,"SP500",4307.54,2025-03-05,2025-03-05
2021-10-01,"SP500",4357.04,2025-03-05,2025-03-05
2021-10-04,"SP500",4300.46,2025-03-05,2025-03-05
2021-10-05,"SP500",4345.72,2025-03-05,2025-03-05
2021-10-06,"SP500",4363.55,2025-03-05,2025-03-05
2021-10-07,"SP500",4399.76,2025-03-05,2025-03-05
2021-10-08,"SP500",4391.34,2025-03-05,2025-03-05
2021-10-11,"SP500",4361.19,2025-03-05,2025-03-05
2021-10-12,"SP500",4350.65,2025-03-05,2025-03-05
2021-10-13,"SP500",4363.8,2025-03-05,2025-03-05
2021-10-14,"SP500",4438.26,2025-03-05,2025-03-05
2021-10-15,"SP500",4471.37,2025-03-05,2025-03-05
2021-10-18,"SP500",4486.46,2025-03-05,2025-03-05
2021-10-19,"SP500",4519.63,2025-03-05,2025-03-05
2021-10-20,"SP500",4536.19,2025-03-05,2025-03-05
2021-10-21,"SP500",4549.78,2025-03-05,2025-03-05
2021-10-22,"SP500",4544.9,2025-03-05,2025-03-05
2021-10-25,"SP500",4566.48,2025-03-05,2025-03-05
2021-10-26,"SP500",4574.79,2025-03-05,2025-03-05
2021-10-27,"SP500",4551.68,2025-03-05,2025-03-05
2021-10-28,"SP500",4596.42,2025-03-05,2025-03-05
2021-10-29,"SP500",4605.38,2025-03-05,2025-03-05
2021-11-01,"SP500",4613.67,2025-03-05,2025-03-05
2021-11-02,"SP500",4630.65,2025-03-05,2025-03-05
2021-11-03,"SP500",4660.57,2025-03-05,2025-03-05
2021-11-04,"SP500",4680.06,2025-03-05,2025-03-05
2021-11-05,"SP500",4697.53,2025-03-05,2025-03-05
2021-11-08,"SP500",4701.7,2025-03-05,2025-03-05
2021-11-09,"SP500",4685.25,2025-03-05,2025-03-05
2021-11-10,"SP500",4646.71,2025-03-05,2025-03-05
2021-11-11,"SP500",4649.27,2025-03-05,2025-03-05
2021-11-12,"SP500",4682.85,2025-03-05,2025-03-05
2021-11-15,"SP500",4682.8,2025-03-05,2025-03-05
2021-11-16,"SP500",4700.9,2025-03-05,2025-03-05
2021-11-17,"SP500",4688.67,2025-03-05,2025-03-05
2021-11-18,"SP500",4704.54,2025-03-05,2025-03-05
2021-11-19,"SP500",4697.96,2025-03-05,2025-03-05
2021-11-22,"SP500",4682.94,2025-03-05,2025-03-05
2021-11-23,"SP500",4690.7,2025-03-05,2025-03-05
2021-11-24,"SP500",4701.46,2025-03-05,2025-03-05
2021-11-25,"SP500",NA,2025-03-05,2025-03-05
2021-11-26,"SP500",4594.62,2025-03-05,2025-03-05
2021-11-29,"SP500",4655.27,2025-03-05,2025-03-05
2021-11-30,"SP500",4567,2025-03-05,2025-03-05
2021-12-01,"SP500",4513.04,2025-03-05,2025-03-05
2021-12-02,"SP500",4577.1,2025-03-05,2025-03-05
2021-12-03,"SP500",4538.43,2025-03-05,2025-03-05
2021-12-06,"SP500",4591.67,2025-03-05,2025-03-05
2021-12-07,"SP500",4686.75,2025-03-05,2025-03-05
2021-12-08,"SP500",4701.21,2025-03-05,2025-03-05
2021-12-09,"SP500",4667.45,2025-03-05,2025-03-05
2021-12-10,"SP500",4712.02,2025-03-05,2025-03-05
2021-12-13,"SP500",4668.97,2025-03-05,2025-03-05
2021-12-14,"SP500",4634.09,2025-03-05,2025-03-05
2021-12-15,"SP500",4709.85,2025-03-05,2025-03-05
2021-12-16,"SP500",4668.67,2025-03-05,2025-03-05
2021-12-17,"SP500",4620.64,2025-03-05,2025-03-05
2021-12-20,"SP500",4568.02,2025-03-05,2025-03-05
2021-12-21,"SP500",4649.23,2025-03-05,2025-03-05
2021-12-22,"SP500",4696.56,2025-03-05,2025-03-05
2021-12-23,"SP500",4725.79,2025-03-05,2025-03-05
2021-12-24,"SP500",NA,2025-03-05,2025-03-05
2021-12-27,"SP500",4791.19,2025-03-05,2025-03-05
2021-12-28,"SP500",4786.35,2025-03-05,2025-03-05
2021-12-29,"SP500",4793.06,2025-03-05,2025-03-05
2021-12-30,"SP500",4778.73,2025-03-05,2025-03-05
2021-12-31,"SP500",4766.18,2025-03-05,2025-03-05
2022-01-03,"SP500",4796.56,2025-03-05,2025-03-05
2022-01-04,"SP500",4793.54,2025-03-05,2025-03-05
2022-01-05,"SP500",4700.58,2025-03-05,2025-03-05
2022-01-06,"SP500",4696.05,2025-03-05,2025-03-05
2022-01-07,"SP500",4677.03,2025-03-05,2025-03-05
2022-01-10,"SP500",4670.29,2025-03-05,2025-03-05
2022-01-11,"SP500",4713.07,2025-03-05,2025-03-05
2022-01-12,"SP500",4726.35,2025-03-05,2025-03-05
2022-01-13,"SP500",4659.03,2025-03-05,2025-03-05
2022-01-14,"SP500",4662.85,2025-03-05,2025-03-05
2022-01-17,"SP500",NA,2025-03-05,2025-03-05
2022-01-18,"SP500",4577.11,2025-03-05,2025-03-05
2022-01-19,"SP500",4532.76,2025-03-05,2025-03-05
2022-01-20,"SP500",4482.73,2025-03-05,2025-03-05
2022-01-21,"SP500",4397.94,2025-03-05,2025-03-05
2022-01-24,"SP500",4410.13,2025-03-05,2025-03-05
2022-01-25,"SP500",4356.45,2025-03-05,2025-03-05
2022-01-26,"SP500",4349.93,2025-03-05,2025-03-05
2022-01-27,"SP500",4326.51,2025-03-05,2025-03-05
2022-01-28,"SP500",4431.85,2025-03-05,2025-03-05
2022-01-31,"SP500",4515.55,2025-03-05,2025-03-05
2022-02-01,"SP500",4546.54,2025-03-05,2025-03-05
2022-02-02,"SP500",4589.38,2025-03-05,2025-03-05
2022-02-03,"SP500",4477.44,2025-03-05,2025-03-05
2022-02-04,"SP500",4500.53,2025-03-05,2025-03-05
2022-02-07,"SP500",4483.87,2025-03-05,2025-03-05
2022-02-08,"SP500",4521.54,2025-03-05,2025-03-05
2022-02-09,"SP500",4587.18,2025-03-05,2025-03-05
2022-02-10,"SP500",4504.08,2025-03-05,2025-03-05
2022-02-11,"SP500",4418.64,2025-03-05,2025-03-05
2022-02-14,"SP500",4401.67,2025-03-05,2025-03-05
2022-02-15,"SP500",4471.07,2025-03-05,2025-03-05
2022-02-16,"SP500",4475.01,2025-03-05,2025-03-05
2022-02-17,"SP500",4380.26,2025-03-05,2025-03-05
2022-02-18,"SP500",4348.87,2025-03-05,2025-03-05
2022-02-21,"SP500",NA,2025-03-05,2025-03-05
2022-02-22,"SP500",4304.76,2025-03-05,2025-03-05
2022-02-23,"SP500",4225.5,2025-03-05,2025-03-05
2022-02-24,"SP500",4288.7,2025-03-05,2025-03-05
2022-02-25,"SP500",4384.65,2025-03-05,2025-03-05
2022-02-28,"SP500",4373.94,2025-03-05,2025-03-05
2022-03-01,"SP500",4306.26,2025-03-05,2025-03-05
2022-03-02,"SP500",4386.54,2025-03-05,2025-03-05
2022-03-03,"SP500",4363.49,2025-03-05,2025-03-05
2022-03-04,"SP500",4328.87,2025-03-05,2025-03-05
2022-03-07,"SP500",4201.09,2025-03-05,2025-03-05
2022-03-08,"SP500",4170.7,2025-03-05,2025-03-05
2022-03-09,"SP500",4277.88,2025-03-05,2025-03-05
2022-03-10,"SP500",4259.52,2025-03-05,2025-03-05
2022-03-11,"SP500",4204.31,2025-03-05,2025-03-05
2022-03-14,"SP500",4173.11,2025-03-05,2025-03-05
2022-03-15,"SP500",4262.45,2025-03-05,2025-03-05
2022-03-16,"SP500",4357.86,2025-03-05,2025-03-05
2022-03-17,"SP500",4411.67,2025-03-05,2025-03-05
2022-03-18,"SP500",4463.12,2025-03-05,2025-03-05
2022-03-21,"SP500",4461.18,2025-03-05,2025-03-05
2022-03-22,"SP500",4511.61,2025-03-05,2025-03-05
2022-03-23,"SP500",4456.24,2025-03-05,2025-03-05
2022-03-24,"SP500",4520.16,2025-03-05,2025-03-05
2022-03-25,"SP500",4543.06,2025-03-05,2025-03-05
2022-03-28,"SP500",4575.52,2025-03-05,2025-03-05
2022-03-29,"SP500",4631.6,2025-03-05,2025-03-05
2022-03-30,"SP500",4602.45,2025-03-05,2025-03-05
2022-03-31,"SP500",4530.41,2025-03-05,2025-03-05
2022-04-01,"SP500",4545.86,2025-03-05,2025-03-05
2022-04-04,"SP500",4582.64,2025-03-05,2025-03-05
2022-04-05,"SP500",4525.12,2025-03-05,2025-03-05
2022-04-06,"SP500",4481.15,2025-03-05,2025-03-05
2022-04-07,"SP500",4500.21,2025-03-05,2025-03-05
2022-04-08,"SP500",4488.28,2025-03-05,2025-03-05
2022-04-11,"SP500",4412.53,2025-03-05,2025-03-05
2022-04-12,"SP500",4397.45,2025-03-05,2025-03-05
2022-04-13,"SP500",4446.59,2025-03-05,2025-03-05
2022-04-14,"SP500",4392.59,2025-03-05,2025-03-05
2022-04-15,"SP500",NA,2025-03-05,2025-03-05
2022-04-18,"SP500",4391.69,2025-03-05,2025-03-05
2022-04-19,"SP500",4462.21,2025-03-05,2025-03-05
2022-04-20,"SP500",4459.45,2025-03-05,2025-03-05
2022-04-21,"SP500",4393.66,2025-03-05,2025-03-05
2022-04-22,"SP500",4271.78,2025-03-05,2025-03-05
2022-04-25,"SP500",4296.12,2025-03-05,2025-03-05
2022-04-26,"SP500",4175.2,2025-03-05,2025-03-05
2022-04-27,"SP500",4183.96,2025-03-05,2025-03-05
2022-04-28,"SP500",4287.5,2025-03-05,2025-03-05
2022-04-29,"SP500",4131.93,2025-03-05,2025-03-05
2022-05-02,"SP500",4155.38,2025-03-05,2025-03-05
2022-05-03,"SP500",4175.48,2025-03-05,2025-03-05
2022-05-04,"SP500",4300.17,2025-03-05,2025-03-05
2022-05-05,"SP500",4146.87,2025-03-05,2025-03-05
2022-05-06,"SP500",4123.34,2025-03-05,2025-03-05
2022-05-09,"SP500",3991.24,2025-03-05,2025-03-05
2022-05-10,"SP500",4001.05,2025-03-05,2025-03-05
2022-05-11,"SP500",3935.18,2025-03-05,2025-03-05
2022-05-12,"SP500",3930.08,2025-03-05,2025-03-05
2022-05-13,"SP500",4023.89,2025-03-05,2025-03-05
2022-05-16,"SP500",4008.01,2025-03-05,2025-03-05
2022-05-17,"SP500",4088.85,2025-03-05,2025-03-05
2022-05-18,"SP500",3923.68,2025-03-05,2025-03-05
2022-05-19,"SP500",3900.79,2025-03-05,2025-03-05
2022-05-20,"SP500",3901.36,2025-03-05,2025-03-05
2022-05-23,"SP500",3973.75,2025-03-05,2025-03-05
2022-05-24,"SP500",3941.48,2025-03-05,2025-03-05
2022-05-25,"SP500",3978.73,2025-03-05,2025-03-05
2022-05-26,"SP500",4057.84,2025-03-05,2025-03-05
2022-05-27,"SP500",4158.24,2025-03-05,2025-03-05
2022-05-30,"SP500",NA,2025-03-05,2025-03-05
2022-05-31,"SP500",4132.15,2025-03-05,2025-03-05
2022-06-01,"SP500",4101.23,2025-03-05,2025-03-05
2022-06-02,"SP500",4176.82,2025-03-05,2025-03-05
2022-06-03,"SP500",4108.54,2025-03-05,2025-03-05
2022-06-06,"SP500",4121.43,2025-03-05,2025-03-05
2022-06-07,"SP500",4160.68,2025-03-05,2025-03-05
2022-06-08,"SP500",4115.77,2025-03-05,2025-03-05
2022-06-09,"SP500",4017.82,2025-03-05,2025-03-05
2022-06-10,"SP500",3900.86,2025-03-05,2025-03-05
2022-06-13,"SP500",3749.63,2025-03-05,2025-03-05
2022-06-14,"SP500",3735.48,2025-03-05,2025-03-05
2022-06-15,"SP500",3789.99,2025-03-05,2025-03-05
2022-06-16,"SP500",3666.77,2025-03-05,2025-03-05
2022-06-17,"SP500",3674.84,2025-03-05,2025-03-05
2022-06-20,"SP500",NA,2025-03-05,2025-03-05
2022-06-21,"SP500",3764.79,2025-03-05,2025-03-05
2022-06-22,"SP500",3759.89,2025-03-05,2025-03-05
2022-06-23,"SP500",3795.73,2025-03-05,2025-03-05
2022-06-24,"SP500",3911.74,2025-03-05,2025-03-05
2022-06-27,"SP500",3900.11,2025-03-05,2025-03-05
2022-06-28,"SP500",3821.55,2025-03-05,2025-03-05
2022-06-29,"SP500",3818.83,2025-03-05,2025-03-05
2022-06-30,"SP500",3785.38,2025-03-05,2025-03-05
2022-07-01,"SP500",3825.33,2025-03-05,2025-03-05
2022-07-04,"SP500",NA,2025-03-05,2025-03-05
2022-07-05,"SP500",3831.39,2025-03-05,2025-03-05
2022-07-06,"SP500",3845.08,2025-03-05,2025-03-05
2022-07-07,"SP500",3902.62,2025-03-05,2025-03-05
2022-07-08,"SP500",3899.38,2025-03-05,2025-03-05
2022-07-11,"SP500",3854.43,2025-03-05,2025-03-05
2022-07-12,"SP500",3818.8,2025-03-05,2025-03-05
2022-07-13,"SP500",3801.78,2025-03-05,2025-03-05
2022-07-14,"SP500",3790.38,2025-03-05,2025-03-05
2022-07-15,"SP500",3863.16,2025-03-05,2025-03-05
2022-07-18,"SP500",3830.85,2025-03-05,2025-03-05
2022-07-19,"SP500",3936.69,2025-03-05,2025-03-05
2022-07-20,"SP500",3959.9,2025-03-05,2025-03-05
2022-07-21,"SP500",3998.95,2025-03-05,2025-03-05
2022-07-22,"SP500",3961.63,2025-03-05,2025-03-05
2022-07-25,"SP500",3966.84,2025-03-05,2025-03-05
2022-07-26,"SP500",3921.05,2025-03-05,2025-03-05
2022-07-27,"SP500",4023.61,2025-03-05,2025-03-05
2022-07-28,"SP500",4072.43,2025-03-05,2025-03-05
2022-07-29,"SP500",4130.29,2025-03-05,2025-03-05
2022-08-01,"SP500",4118.63,2025-03-05,2025-03-05
2022-08-02,"SP500",4091.19,2025-03-05,2025-03-05
2022-08-03,"SP500",4155.17,2025-03-05,2025-03-05
2022-08-04,"SP500",4151.94,2025-03-05,2025-03-05
2022-08-05,"SP500",4145.19,2025-03-05,2025-03-05
2022-08-08,"SP500",4140.06,2025-03-05,2025-03-05
2022-08-09,"SP500",4122.47,2025-03-05,2025-03-05
2022-08-10,"SP500",4210.24,2025-03-05,2025-03-05
2022-08-11,"SP500",4207.27,2025-03-05,2025-03-05
2022-08-12,"SP500",4280.15,2025-03-05,2025-03-05
2022-08-15,"SP500",4297.14,2025-03-05,2025-03-05
2022-08-16,"SP500",4305.2,2025-03-05,2025-03-05
2022-08-17,"SP500",4274.04,2025-03-05,2025-03-05
2022-08-18,"SP500",4283.74,2025-03-05,2025-03-05
2022-08-19,"SP500",4228.48,2025-03-05,2025-03-05
2022-08-22,"SP500",4137.99,2025-03-05,2025-03-05
2022-08-23,"SP500",4128.73,2025-03-05,2025-03-05
2022-08-24,"SP500",4140.77,2025-03-05,2025-03-05
2022-08-25,"SP500",4199.12,2025-03-05,2025-03-05
2022-08-26,"SP500",4057.66,2025-03-05,2025-03-05
2022-08-29,"SP500",4030.61,2025-03-05,2025-03-05
2022-08-30,"SP500",3986.16,2025-03-05,2025-03-05
2022-08-31,"SP500",3955,2025-03-05,2025-03-05
2022-09-01,"SP500",3966.85,2025-03-05,2025-03-05
2022-09-02,"SP500",3924.26,2025-03-05,2025-03-05
2022-09-05,"SP500",NA,2025-03-05,2025-03-05
2022-09-06,"SP500",3908.19,2025-03-05,2025-03-05
2022-09-07,"SP500",3979.87,2025-03-05,2025-03-05
2022-09-08,"SP500",4006.18,2025-03-05,2025-03-05
2022-09-09,"SP500",4067.36,2025-03-05,2025-03-05
2022-09-12,"SP500",4110.41,2025-03-05,2025-03-05
2022-09-13,"SP500",3932.69,2025-03-05,2025-03-05
2022-09-14,"SP500",3946.01,2025-03-05,2025-03-05
2022-09-15,"SP500",3901.35,2025-03-05,2025-03-05
2022-09-16,"SP500",3873.33,2025-03-05,2025-03-05
2022-09-19,"SP500",3899.89,2025-03-05,2025-03-05
2022-09-20,"SP500",3855.93,2025-03-05,2025-03-05
2022-09-21,"SP500",3789.93,2025-03-05,2025-03-05
2022-09-22,"SP500",3757.99,2025-03-05,2025-03-05
2022-09-23,"SP500",3693.23,2025-03-05,2025-03-05
2022-09-26,"SP500",3655.04,2025-03-05,2025-03-05
2022-09-27,"SP500",3647.29,2025-03-05,2025-03-05
2022-09-28,"SP500",3719.04,2025-03-05,2025-03-05
2022-09-29,"SP500",3640.47,2025-03-05,2025-03-05
2022-09-30,"SP500",3585.62,2025-03-05,2025-03-05
2022-10-03,"SP500",3678.43,2025-03-05,2025-03-05
2022-10-04,"SP500",3790.93,2025-03-05,2025-03-05
2022-10-05,"SP500",3783.28,2025-03-05,2025-03-05
2022-10-06,"SP500",3744.52,2025-03-05,2025-03-05
2022-10-07,"SP500",3639.66,2025-03-05,2025-03-05
2022-10-10,"SP500",3612.39,2025-03-05,2025-03-05
2022-10-11,"SP500",3588.84,2025-03-05,2025-03-05
2022-10-12,"SP500",3577.03,2025-03-05,2025-03-05
2022-10-13,"SP500",3669.91,2025-03-05,2025-03-05
2022-10-14,"SP500",3583.07,2025-03-05,2025-03-05
2022-10-17,"SP500",3677.95,2025-03-05,2025-03-05
2022-10-18,"SP500",3719.98,2025-03-05,2025-03-05
2022-10-19,"SP500",3695.16,2025-03-05,2025-03-05
2022-10-20,"SP500",3665.78,2025-03-05,2025-03-05
2022-10-21,"SP500",3752.75,2025-03-05,2025-03-05
2022-10-24,"SP500",3797.34,2025-03-05,2025-03-05
2022-10-25,"SP500",3859.11,2025-03-05,2025-03-05
2022-10-26,"SP500",3830.6,2025-03-05,2025-03-05
2022-10-27,"SP500",3807.3,2025-03-05,2025-03-05
2022-10-28,"SP500",3901.06,2025-03-05,2025-03-05
2022-10-31,"SP500",3871.98,2025-03-05,2025-03-05
2022-11-01,"SP500",3856.1,2025-03-05,2025-03-05
2022-11-02,"SP500",3759.69,2025-03-05,2025-03-05
2022-11-03,"SP500",3719.89,2025-03-05,2025-03-05
2022-11-04,"SP500",3770.55,2025-03-05,2025-03-05
2022-11-07,"SP500",3806.8,2025-03-05,2025-03-05
2022-11-08,"SP500",3828.11,2025-03-05,2025-03-05
2022-11-09,"SP500",3748.57,2025-03-05,2025-03-05
2022-11-10,"SP500",3956.37,2025-03-05,2025-03-05
2022-11-11,"SP500",3992.93,2025-03-05,2025-03-05
2022-11-14,"SP500",3957.25,2025-03-05,2025-03-05
2022-11-15,"SP500",3991.73,2025-03-05,2025-03-05
2022-11-16,"SP500",3958.79,2025-03-05,2025-03-05
2022-11-17,"SP500",3946.56,2025-03-05,2025-03-05
2022-11-18,"SP500",3965.34,2025-03-05,2025-03-05
2022-11-21,"SP500",3949.94,2025-03-05,2025-03-05
2022-11-22,"SP500",4003.58,2025-03-05,2025-03-05
2022-11-23,"SP500",4027.26,2025-03-05,2025-03-05
2022-11-24,"SP500",NA,2025-03-05,2025-03-05
2022-11-25,"SP500",4026.12,2025-03-05,2025-03-05
2022-11-28,"SP500",3963.94,2025-03-05,2025-03-05
2022-11-29,"SP500",3957.63,2025-03-05,2025-03-05
2022-11-30,"SP500",4080.11,2025-03-05,2025-03-05
2022-12-01,"SP500",4076.57,2025-03-05,2025-03-05
2022-12-02,"SP500",4071.7,2025-03-05,2025-03-05
2022-12-05,"SP500",3998.84,2025-03-05,2025-03-05
2022-12-06,"SP500",3941.26,2025-03-05,2025-03-05
2022-12-07,"SP500",3933.92,2025-03-05,2025-03-05
2022-12-08,"SP500",3963.51,2025-03-05,2025-03-05
2022-12-09,"SP500",3934.38,2025-03-05,2025-03-05
2022-12-12,"SP500",3990.56,2025-03-05,2025-03-05
2022-12-13,"SP500",4019.65,2025-03-05,2025-03-05
2022-12-14,"SP500",3995.32,2025-03-05,2025-03-05
2022-12-15,"SP500",3895.75,2025-03-05,2025-03-05
2022-12-16,"SP500",3852.36,2025-03-05,2025-03-05
2022-12-19,"SP500",3817.66,2025-03-05,2025-03-05
2022-12-20,"SP500",3821.62,2025-03-05,2025-03-05
2022-12-21,"SP500",3878.44,2025-03-05,2025-03-05
2022-12-22,"SP500",3822.39,2025-03-05,2025-03-05
2022-12-23,"SP500",3844.82,2025-03-05,2025-03-05
2022-12-26,"SP500",NA,2025-03-05,2025-03-05
2022-12-27,"SP500",3829.25,2025-03-05,2025-03-05
2022-12-28,"SP500",3783.22,2025-03-05,2025-03-05
2022-12-29,"SP500",3849.28,2025-03-05,2025-03-05
2022-12-30,"SP500",3839.5,2025-03-05,2025-03-05
2023-01-02,"SP500",NA,2025-03-05,2025-03-05
2023-01-03,"SP500",3824.14,2025-03-05,2025-03-05
2023-01-04,"SP500",3852.97,2025-03-05,2025-03-05
2023-01-05,"SP500",3808.1,2025-03-05,2025-03-05
2023-01-06,"SP500",3895.08,2025-03-05,2025-03-05
2023-01-09,"SP500",3892.09,2025-03-05,2025-03-05
2023-01-10,"SP500",3919.25,2025-03-05,2025-03-05
2023-01-11,"SP500",3969.61,2025-03-05,2025-03-05
2023-01-12,"SP500",3983.17,2025-03-05,2025-03-05
2023-01-13,"SP500",3999.09,2025-03-05,2025-03-05
2023-01-16,"SP500",NA,2025-03-05,2025-03-05
2023-01-17,"SP500",3990.97,2025-03-05,2025-03-05
2023-01-18,"SP500",3928.86,2025-03-05,2025-03-05
2023-01-19,"SP500",3898.85,2025-03-05,2025-03-05
2023-01-20,"SP500",3972.61,2025-03-05,2025-03-05
2023-01-23,"SP500",4019.81,2025-03-05,2025-03-05
2023-01-24,"SP500",4016.95,2025-03-05,2025-03-05
2023-01-25,"SP500",4016.22,2025-03-05,2025-03-05
2023-01-26,"SP500",4060.43,2025-03-05,2025-03-05
2023-01-27,"SP500",4070.56,2025-03-05,2025-03-05
2023-01-30,"SP500",4017.77,2025-03-05,2025-03-05
2023-01-31,"SP500",4076.6,2025-03-05,2025-03-05
2023-02-01,"SP500",4119.21,2025-03-05,2025-03-05
2023-02-02,"SP500",4179.76,2025-03-05,2025-03-05
2023-02-03,"SP500",4136.48,2025-03-05,2025-03-05
2023-02-06,"SP500",4111.08,2025-03-05,2025-03-05
2023-02-07,"SP500",4164,2025-03-05,2025-03-05
2023-02-08,"SP500",4117.86,2025-03-05,2025-03-05
2023-02-09,"SP500",4081.5,2025-03-05,2025-03-05
2023-02-10,"SP500",4090.46,2025-03-05,2025-03-05
2023-02-13,"SP500",4137.29,2025-03-05,2025-03-05
2023-02-14,"SP500",4136.13,2025-03-05,2025-03-05
2023-02-15,"SP500",4147.6,2025-03-05,2025-03-05
2023-02-16,"SP500",4090.41,2025-03-05,2025-03-05
2023-02-17,"SP500",4079.09,2025-03-05,2025-03-05
2023-02-20,"SP500",NA,2025-03-05,2025-03-05
2023-02-21,"SP500",3997.34,2025-03-05,2025-03-05
2023-02-22,"SP500",3991.05,2025-03-05,2025-03-05
2023-02-23,"SP500",4012.32,2025-03-05,2025-03-05
2023-02-24,"SP500",3970.04,2025-03-05,2025-03-05
2023-02-27,"SP500",3982.24,2025-03-05,2025-03-05
2023-02-28,"SP500",3970.15,2025-03-05,2025-03-05
2023-03-01,"SP500",3951.39,2025-03-05,2025-03-05
2023-03-02,"SP500",3981.35,2025-03-05,2025-03-05
2023-03-03,"SP500",4045.64,2025-03-05,2025-03-05
2023-03-06,"SP500",4048.42,2025-03-05,2025-03-05
2023-03-07,"SP500",3986.37,2025-03-05,2025-03-05
2023-03-08,"SP500",3992.01,2025-03-05,2025-03-05
2023-03-09,"SP500",3918.32,2025-03-05,2025-03-05
2023-03-10,"SP500",3861.59,2025-03-05,2025-03-05
2023-03-13,"SP500",3855.76,2025-03-05,2025-03-05
2023-03-14,"SP500",3919.29,2025-03-05,2025-03-05
2023-03-15,"SP500",3891.93,2025-03-05,2025-03-05
2023-03-16,"SP500",3960.28,2025-03-05,2025-03-05
2023-03-17,"SP500",3916.64,2025-03-05,2025-03-05
2023-03-20,"SP500",3951.57,2025-03-05,2025-03-05
2023-03-21,"SP500",4002.87,2025-03-05,2025-03-05
2023-03-22,"SP500",3936.97,2025-03-05,2025-03-05
2023-03-23,"SP500",3948.72,2025-03-05,2025-03-05
2023-03-24,"SP500",3970.99,2025-03-05,2025-03-05
2023-03-27,"SP500",3977.53,2025-03-05,2025-03-05
2023-03-28,"SP500",3971.27,2025-03-05,2025-03-05
2023-03-29,"SP500",4027.81,2025-03-05,2025-03-05
2023-03-30,"SP500",4050.83,2025-03-05,2025-03-05
2023-03-31,"SP500",4109.31,2025-03-05,2025-03-05
2023-04-03,"SP500",4124.51,2025-03-05,2025-03-05
2023-04-04,"SP500",4100.6,2025-03-05,2025-03-05
2023-04-05,"SP500",4090.38,2025-03-05,2025-03-05
2023-04-06,"SP500",4105.02,2025-03-05,2025-03-05
2023-04-07,"SP500",NA,2025-03-05,2025-03-05
2023-04-10,"SP500",4109.11,2025-03-05,2025-03-05
2023-04-11,"SP500",4108.94,2025-03-05,2025-03-05
2023-04-12,"SP500",4091.95,2025-03-05,2025-03-05
2023-04-13,"SP500",4146.22,2025-03-05,2025-03-05
2023-04-14,"SP500",4137.64,2025-03-05,2025-03-05
2023-04-17,"SP500",4151.32,2025-03-05,2025-03-05
2023-04-18,"SP500",4154.87,2025-03-05,2025-03-05
2023-04-19,"SP500",4154.52,2025-03-05,2025-03-05
2023-04-20,"SP500",4129.79,2025-03-05,2025-03-05
2023-04-21,"SP500",4133.52,2025-03-05,2025-03-05
2023-04-24,"SP500",4137.04,2025-03-05,2025-03-05
2023-04-25,"SP500",4071.63,2025-03-05,2025-03-05
2023-04-26,"SP500",4055.99,2025-03-05,2025-03-05
2023-04-27,"SP500",4135.35,2025-03-05,2025-03-05
2023-04-28,"SP500",4169.48,2025-03-05,2025-03-05
2023-05-01,"SP500",4167.87,2025-03-05,2025-03-05
2023-05-02,"SP500",4119.58,2025-03-05,2025-03-05
2023-05-03,"SP500",4090.75,2025-03-05,2025-03-05
2023-05-04,"SP500",4061.22,2025-03-05,2025-03-05
2023-05-05,"SP500",4136.25,2025-03-05,2025-03-05
2023-05-08,"SP500",4138.12,2025-03-05,2025-03-05
2023-05-09,"SP500",4119.17,2025-03-05,2025-03-05
2023-05-10,"SP500",4137.64,2025-03-05,2025-03-05
2023-05-11,"SP500",4130.62,2025-03-05,2025-03-05
2023-05-12,"SP500",4124.08,2025-03-05,2025-03-05
2023-05-15,"SP500",4136.28,2025-03-05,2025-03-05
2023-05-16,"SP500",4109.9,2025-03-05,2025-03-05
2023-05-17,"SP500",4158.77,2025-03-05,2025-03-05
2023-05-18,"SP500",4198.05,2025-03-05,2025-03-05
2023-05-19,"SP500",4191.98,2025-03-05,2025-03-05
2023-05-22,"SP500",4192.63,2025-03-05,2025-03-05
2023-05-23,"SP500",4145.58,2025-03-05,2025-03-05
2023-05-24,"SP500",4115.24,2025-03-05,2025-03-05
2023-05-25,"SP500",4151.28,2025-03-05,2025-03-05
2023-05-26,"SP500",4205.45,2025-03-05,2025-03-05
2023-05-29,"SP500",NA,2025-03-05,2025-03-05
2023-05-30,"SP500",4205.52,2025-03-05,2025-03-05
2023-05-31,"SP500",4179.83,2025-03-05,2025-03-05
2023-06-01,"SP500",4221.02,2025-03-05,2025-03-05
2023-06-02,"SP500",4282.37,2025-03-05,2025-03-05
2023-06-05,"SP500",4273.79,2025-03-05,2025-03-05
2023-06-06,"SP500",4283.85,2025-03-05,2025-03-05
2023-06-07,"SP500",4267.52,2025-03-05,2025-03-05
2023-06-08,"SP500",4293.93,2025-03-05,2025-03-05
2023-06-09,"SP500",4298.86,2025-03-05,2025-03-05
2023-06-12,"SP500",4338.93,2025-03-05,2025-03-05
2023-06-13,"SP500",4369.01,2025-03-05,2025-03-05
2023-06-14,"SP500",4372.59,2025-03-05,2025-03-05
2023-06-15,"SP500",4425.84,2025-03-05,2025-03-05
2023-06-16,"SP500",4409.59,2025-03-05,2025-03-05
2023-06-19,"SP500",NA,2025-03-05,2025-03-05
2023-06-20,"SP500",4388.71,2025-03-05,2025-03-05
2023-06-21,"SP500",4365.69,2025-03-05,2025-03-05
2023-06-22,"SP500",4381.89,2025-03-05,2025-03-05
2023-06-23,"SP500",4348.33,2025-03-05,2025-03-05
2023-06-26,"SP500",4328.82,2025-03-05,2025-03-05
2023-06-27,"SP500",4378.41,2025-03-05,2025-03-05
2023-06-28,"SP500",4376.86,2025-03-05,2025-03-05
2023-06-29,"SP500",4396.44,2025-03-05,2025-03-05
2023-06-30,"SP500",4450.38,2025-03-05,2025-03-05
2023-07-03,"SP500",4455.59,2025-03-05,2025-03-05
2023-07-04,"SP500",NA,2025-03-05,2025-03-05
2023-07-05,"SP500",4446.82,2025-03-05,2025-03-05
2023-07-06,"SP500",4411.59,2025-03-05,2025-03-05
2023-07-07,"SP500",4398.95,2025-03-05,2025-03-05
2023-07-10,"SP500",4409.53,2025-03-05,2025-03-05
2023-07-11,"SP500",4439.26,2025-03-05,2025-03-05
2023-07-12,"SP500",4472.16,2025-03-05,2025-03-05
2023-07-13,"SP500",4510.04,2025-03-05,2025-03-05
2023-07-14,"SP500",4505.42,2025-03-05,2025-03-05
2023-07-17,"SP500",4522.79,2025-03-05,2025-03-05
2023-07-18,"SP500",4554.98,2025-03-05,2025-03-05
2023-07-19,"SP500",4565.72,2025-03-05,2025-03-05
2023-07-20,"SP500",4534.87,2025-03-05,2025-03-05
2023-07-21,"SP500",4536.34,2025-03-05,2025-03-05
2023-07-24,"SP500",4554.64,2025-03-05,2025-03-05
2023-07-25,"SP500",4567.46,2025-03-05,2025-03-05
2023-07-26,"SP500",4566.75,2025-03-05,2025-03-05
2023-07-27,"SP500",4537.41,2025-03-05,2025-03-05
2023-07-28,"SP500",4582.23,2025-03-05,2025-03-05
2023-07-31,"SP500",4588.96,2025-03-05,2025-03-05
2023-08-01,"SP500",4576.73,2025-03-05,2025-03-05
2023-08-02,"SP500",4513.39,2025-03-05,2025-03-05
2023-08-03,"SP500",4501.89,2025-03-05,2025-03-05
2023-08-04,"SP500",4478.03,2025-03-05,2025-03-05
2023-08-07,"SP500",4518.44,2025-03-05,2025-03-05
2023-08-08,"SP500",4499.38,2025-03-05,2025-03-05
2023-08-09,"SP500",4467.71,2025-03-05,2025-03-05
2023-08-10,"SP500",4468.83,2025-03-05,2025-03-05
2023-08-11,"SP500",4464.05,2025-03-05,2025-03-05
2023-08-14,"SP500",4489.72,2025-03-05,2025-03-05
2023-08-15,"SP500",4437.86,2025-03-05,2025-03-05
2023-08-16,"SP500",4404.33,2025-03-05,2025-03-05
2023-08-17,"SP500",4370.36,2025-03-05,2025-03-05
2023-08-18,"SP500",4369.71,2025-03-05,2025-03-05
2023-08-21,"SP500",4399.77,2025-03-05,2025-03-05
2023-08-22,"SP500",4387.55,2025-03-05,2025-03-05
2023-08-23,"SP500",4436.01,2025-03-05,2025-03-05
2023-08-24,"SP500",4376.31,2025-03-05,2025-03-05
2023-08-25,"SP500",4405.71,2025-03-05,2025-03-05
2023-08-28,"SP500",4433.31,2025-03-05,2025-03-05
2023-08-29,"SP500",4497.63,2025-03-05,2025-03-05
2023-08-30,"SP500",4514.87,2025-03-05,2025-03-05
2023-08-31,"SP500",4507.66,2025-03-05,2025-03-05
2023-09-01,"SP500",4515.77,2025-03-05,2025-03-05
2023-09-04,"SP500",NA,2025-03-05,2025-03-05
2023-09-05,"SP500",4496.83,2025-03-05,2025-03-05
2023-09-06,"SP500",4465.48,2025-03-05,2025-03-05
2023-09-07,"SP500",4451.14,2025-03-05,2025-03-05
2023-09-08,"SP500",4457.49,2025-03-05,2025-03-05
2023-09-11,"SP500",4487.46,2025-03-05,2025-03-05
2023-09-12,"SP500",4461.9,2025-03-05,2025-03-05
2023-09-13,"SP500",4467.44,2025-03-05,2025-03-05
2023-09-14,"SP500",4505.1,2025-03-05,2025-03-05
2023-09-15,"SP500",4450.32,2025-03-05,2025-03-05
2023-09-18,"SP500",4453.53,2025-03-05,2025-03-05
2023-09-19,"SP500",4443.95,2025-03-05,2025-03-05
2023-09-20,"SP500",4402.2,2025-03-05,2025-03-05
2023-09-21,"SP500",4330,2025-03-05,2025-03-05
2023-09-22,"SP500",4320.06,2025-03-05,2025-03-05
2023-09-25,"SP500",4337.44,2025-03-05,2025-03-05
2023-09-26,"SP500",4273.53,2025-03-05,2025-03-05
2023-09-27,"SP500",4274.51,2025-03-05,2025-03-05
2023-09-28,"SP500",4299.7,2025-03-05,2025-03-05
2023-09-29,"SP500",4288.05,2025-03-05,2025-03-05
2023-10-02,"SP500",4288.39,2025-03-05,2025-03-05
2023-10-03,"SP500",4229.45,2025-03-05,2025-03-05
2023-10-04,"SP500",4263.75,2025-03-05,2025-03-05
2023-10-05,"SP500",4258.19,2025-03-05,2025-03-05
2023-10-06,"SP500",4308.5,2025-03-05,2025-03-05
2023-10-09,"SP500",4335.66,2025-03-05,2025-03-05
2023-10-10,"SP500",4358.24,2025-03-05,2025-03-05
2023-10-11,"SP500",4376.95,2025-03-05,2025-03-05
2023-10-12,"SP500",4349.61,2025-03-05,2025-03-05
2023-10-13,"SP500",4327.78,2025-03-05,2025-03-05
2023-10-16,"SP500",4373.63,2025-03-05,2025-03-05
2023-10-17,"SP500",4373.2,2025-03-05,2025-03-05
2023-10-18,"SP500",4314.6,2025-03-05,2025-03-05
2023-10-19,"SP500",4278,2025-03-05,2025-03-05
2023-10-20,"SP500",4224.16,2025-03-05,2025-03-05
2023-10-23,"SP500",4217.04,2025-03-05,2025-03-05
2023-10-24,"SP500",4247.68,2025-03-05,2025-03-05
2023-10-25,"SP500",4186.77,2025-03-05,2025-03-05
2023-10-26,"SP500",4137.23,2025-03-05,2025-03-05
2023-10-27,"SP500",4117.37,2025-03-05,2025-03-05
2023-10-30,"SP500",4166.82,2025-03-05,2025-03-05
2023-10-31,"SP500",4193.8,2025-03-05,2025-03-05
2023-11-01,"SP500",4237.86,2025-03-05,2025-03-05
2023-11-02,"SP500",4317.78,2025-03-05,2025-03-05
2023-11-03,"SP500",4358.34,2025-03-05,2025-03-05
2023-11-06,"SP500",4365.98,2025-03-05,2025-03-05
2023-11-07,"SP500",4378.38,2025-03-05,2025-03-05
2023-11-08,"SP500",4382.78,2025-03-05,2025-03-05
2023-11-09,"SP500",4347.35,2025-03-05,2025-03-05
2023-11-10,"SP500",4415.24,2025-03-05,2025-03-05
2023-11-13,"SP500",4411.55,2025-03-05,2025-03-05
2023-11-14,"SP500",4495.7,2025-03-05,2025-03-05
2023-11-15,"SP500",4502.88,2025-03-05,2025-03-05
2023-11-16,"SP500",4508.24,2025-03-05,2025-03-05
2023-11-17,"SP500",4514.02,2025-03-05,2025-03-05
2023-11-20,"SP500",4547.38,2025-03-05,2025-03-05
2023-11-21,"SP500",4538.19,2025-03-05,2025-03-05
2023-11-22,"SP500",4556.62,2025-03-05,2025-03-05
2023-11-23,"SP500",NA,2025-03-05,2025-03-05
2023-11-24,"SP500",4559.34,2025-03-05,2025-03-05
2023-11-27,"SP500",4550.43,2025-03-05,2025-03-05
2023-11-28,"SP500",4554.89,2025-03-05,2025-03-05
2023-11-29,"SP500",4550.58,2025-03-05,2025-03-05
2023-11-30,"SP500",4567.8,2025-03-05,2025-03-05
2023-12-01,"SP500",4594.63,2025-03-05,2025-03-05
2023-12-04,"SP500",4569.78,2025-03-05,2025-03-05
2023-12-05,"SP500",4567.18,2025-03-05,2025-03-05
2023-12-06,"SP500",4549.34,2025-03-05,2025-03-05
2023-12-07,"SP500",4585.59,2025-03-05,2025-03-05
2023-12-08,"SP500",4604.37,2025-03-05,2025-03-05
2023-12-11,"SP500",4622.44,2025-03-05,2025-03-05
2023-12-12,"SP500",4643.7,2025-03-05,2025-03-05
2023-12-13,"SP500",4707.09,2025-03-05,2025-03-05
2023-12-14,"SP500",4719.55,2025-03-05,2025-03-05
2023-12-15,"SP500",4719.19,2025-03-05,2025-03-05
2023-12-18,"SP500",4740.56,2025-03-05,2025-03-05
2023-12-19,"SP500",4768.37,2025-03-05,2025-03-05
2023-12-20,"SP500",4698.35,2025-03-05,2025-03-05
2023-12-21,"SP500",4746.75,2025-03-05,2025-03-05
2023-12-22,"SP500",4754.63,2025-03-05,2025-03-05
2023-12-25,"SP500",NA,2025-03-05,2025-03-05
2023-12-26,"SP500",4774.75,2025-03-05,2025-03-05
2023-12-27,"SP500",4781.58,2025-03-05,2025-03-05
2023-12-28,"SP500",4783.35,2025-03-05,2025-03-05
2023-12-29,"SP500",4769.83,2025-03-05,2025-03-05
2024-01-01,"SP500",NA,2025-03-05,2025-03-05
2024-01-02,"SP500",4742.83,2025-03-05,2025-03-05
2024-01-03,"SP500",4704.81,2025-03-05,2025-03-05
2024-01-04,"SP500",4688.68,2025-03-05,2025-03-05
2024-01-05,"SP500",4697.24,2025-03-05,2025-03-05
2024-01-08,"SP500",4763.54,2025-03-05,2025-03-05
2024-01-09,"SP500",4756.5,2025-03-05,2025-03-05
2024-01-10,"SP500",4783.45,2025-03-05,2025-03-05
2024-01-11,"SP500",4780.24,2025-03-05,2025-03-05
2024-01-12,"SP500",4783.83,2025-03-05,2025-03-05
2024-01-15,"SP500",NA,2025-03-05,2025-03-05
2024-01-16,"SP500",4765.98,2025-03-05,2025-03-05
2024-01-17,"SP500",4739.21,2025-03-05,2025-03-05
2024-01-18,"SP500",4780.94,2025-03-05,2025-03-05
2024-01-19,"SP500",4839.81,2025-03-05,2025-03-05
2024-01-22,"SP500",4850.43,2025-03-05,2025-03-05
2024-01-23,"SP500",4864.6,2025-03-05,2025-03-05
2024-01-24,"SP500",4868.55,2025-03-05,2025-03-05
2024-01-25,"SP500",4894.16,2025-03-05,2025-03-05
2024-01-26,"SP500",4890.97,2025-03-05,2025-03-05
2024-01-29,"SP500",4927.93,2025-03-05,2025-03-05
2024-01-30,"SP500",4924.97,2025-03-05,2025-03-05
2024-01-31,"SP500",4845.65,2025-03-05,2025-03-05
2024-02-01,"SP500",4906.19,2025-03-05,2025-03-05
2024-02-02,"SP500",4958.61,2025-03-05,2025-03-05
2024-02-05,"SP500",4942.81,2025-03-05,2025-03-05
2024-02-06,"SP500",4954.23,2025-03-05,2025-03-05
2024-02-07,"SP500",4995.06,2025-03-05,2025-03-05
2024-02-08,"SP500",4997.91,2025-03-05,2025-03-05
2024-02-09,"SP500",5026.61,2025-03-05,2025-03-05
2024-02-12,"SP500",5021.84,2025-03-05,2025-03-05
2024-02-13,"SP500",4953.17,2025-03-05,2025-03-05
2024-02-14,"SP500",5000.62,2025-03-05,2025-03-05
2024-02-15,"SP500",5029.73,2025-03-05,2025-03-05
2024-02-16,"SP500",5005.57,2025-03-05,2025-03-05
2024-02-19,"SP500",NA,2025-03-05,2025-03-05
2024-02-20,"SP500",4975.51,2025-03-05,2025-03-05
2024-02-21,"SP500",4981.8,2025-03-05,2025-03-05
2024-02-22,"SP500",5087.03,2025-03-05,2025-03-05
2024-02-23,"SP500",5088.8,2025-03-05,2025-03-05
2024-02-26,"SP500",5069.53,2025-03-05,2025-03-05
2024-02-27,"SP500",5078.18,2025-03-05,2025-03-05
2024-02-28,"SP500",5069.76,2025-03-05,2025-03-05
2024-02-29,"SP500",5096.27,2025-03-05,2025-03-05
2024-03-01,"SP500",5137.08,2025-03-05,2025-03-05
2024-03-04,"SP500",5130.95,2025-03-05,2025-03-05
2024-03-05,"SP500",5078.65,2025-03-05,2025-03-05
2024-03-06,"SP500",5104.76,2025-03-05,2025-03-05
2024-03-07,"SP500",5157.36,2025-03-05,2025-03-05
2024-03-08,"SP500",5123.69,2025-03-05,2025-03-05
2024-03-11,"SP500",5117.94,2025-03-05,2025-03-05
2024-03-12,"SP500",5175.27,2025-03-05,2025-03-05
2024-03-13,"SP500",5165.31,2025-03-05,2025-03-05
2024-03-14,"SP500",5150.48,2025-03-05,2025-03-05
2024-03-15,"SP500",5117.09,2025-03-05,2025-03-05
2024-03-18,"SP500",5149.42,2025-03-05,2025-03-05
2024-03-19,"SP500",5178.51,2025-03-05,2025-03-05
2024-03-20,"SP500",5224.62,2025-03-05,2025-03-05
2024-03-21,"SP500",5241.53,2025-03-05,2025-03-05
2024-03-22,"SP500",5234.18,2025-03-05,2025-03-05
2024-03-25,"SP500",5218.19,2025-03-05,2025-03-05
2024-03-26,"SP500",5203.58,2025-03-05,2025-03-05
2024-03-27,"SP500",5248.49,2025-03-05,2025-03-05
2024-03-28,"SP500",5254.35,2025-03-05,2025-03-05
2024-03-29,"SP500",NA,2025-03-05,2025-03-05
2024-04-01,"SP500",5243.77,2025-03-05,2025-03-05
2024-04-02,"SP500",5205.81,2025-03-05,2025-03-05
2024-04-03,"SP500",5211.49,2025-03-05,2025-03-05
2024-04-04,"SP500",5147.21,2025-03-05,2025-03-05
2024-04-05,"SP500",5204.34,2025-03-05,2025-03-05
2024-04-08,"SP500",5202.39,2025-03-05,2025-03-05
2024-04-09,"SP500",5209.91,2025-03-05,2025-03-05
2024-04-10,"SP500",5160.64,2025-03-05,2025-03-05
2024-04-11,"SP500",5199.06,2025-03-05,2025-03-05
2024-04-12,"SP500",5123.41,2025-03-05,2025-03-05
2024-04-15,"SP500",5061.82,2025-03-05,2025-03-05
2024-04-16,"SP500",5051.41,2025-03-05,2025-03-05
2024-04-17,"SP500",5022.21,2025-03-05,2025-03-05
2024-04-18,"SP500",5011.12,2025-03-05,2025-03-05
2024-04-19,"SP500",4967.23,2025-03-05,2025-03-05
2024-04-22,"SP500",5010.6,2025-03-05,2025-03-05
2024-04-23,"SP500",5070.55,2025-03-05,2025-03-05
2024-04-24,"SP500",5071.63,2025-03-05,2025-03-05
2024-04-25,"SP500",5048.42,2025-03-05,2025-03-05
2024-04-26,"SP500",5099.96,2025-03-05,2025-03-05
2024-04-29,"SP500",5116.17,2025-03-05,2025-03-05
2024-04-30,"SP500",5035.69,2025-03-05,2025-03-05
2024-05-01,"SP500",5018.39,2025-03-05,2025-03-05
2024-05-02,"SP500",5064.2,2025-03-05,2025-03-05
2024-05-03,"SP500",5127.79,2025-03-05,2025-03-05
2024-05-06,"SP500",5180.74,2025-03-05,2025-03-05
2024-05-07,"SP500",5187.7,2025-03-05,2025-03-05
2024-05-08,"SP500",5187.67,2025-03-05,2025-03-05
2024-05-09,"SP500",5214.08,2025-03-05,2025-03-05
2024-05-10,"SP500",5222.68,2025-03-05,2025-03-05
2024-05-13,"SP500",5221.42,2025-03-05,2025-03-05
2024-05-14,"SP500",5246.68,2025-03-05,2025-03-05
2024-05-15,"SP500",5308.15,2025-03-05,2025-03-05
2024-05-16,"SP500",5297.1,2025-03-05,2025-03-05
2024-05-17,"SP500",5303.27,2025-03-05,2025-03-05
2024-05-20,"SP500",5308.13,2025-03-05,2025-03-05
2024-05-21,"SP500",5321.41,2025-03-05,2025-03-05
2024-05-22,"SP500",5307.01,2025-03-05,2025-03-05
2024-05-23,"SP500",5267.84,2025-03-05,2025-03-05
2024-05-24,"SP500",5304.72,2025-03-05,2025-03-05
2024-05-27,"SP500",NA,2025-03-05,2025-03-05
2024-05-28,"SP500",5306.04,2025-03-05,2025-03-05
2024-05-29,"SP500",5266.95,2025-03-05,2025-03-05
2024-05-30,"SP500",5235.48,2025-03-05,2025-03-05
2024-05-31,"SP500",5277.51,2025-03-05,2025-03-05
2024-06-03,"SP500",5283.4,2025-03-05,2025-03-05
2024-06-04,"SP500",5291.34,2025-03-05,2025-03-05
2024-06-05,"SP500",5354.03,2025-03-05,2025-03-05
2024-06-06,"SP500",5352.96,2025-03-05,2025-03-05
2024-06-07,"SP500",5346.99,2025-03-05,2025-03-05
2024-06-10,"SP500",5360.79,2025-03-05,2025-03-05
2024-06-11,"SP500",5375.32,2025-03-05,2025-03-05
2024-06-12,"SP500",5421.03,2025-03-05,2025-03-05
2024-06-13,"SP500",5433.74,2025-03-05,2025-03-05
2024-06-14,"SP500",5431.6,2025-03-05,2025-03-05
2024-06-17,"SP500",5473.23,2025-03-05,2025-03-05
2024-06-18,"SP500",5487.03,2025-03-05,2025-03-05
2024-06-19,"SP500",NA,2025-03-05,2025-03-05
2024-06-20,"SP500",5473.17,2025-03-05,2025-03-05
2024-06-21,"SP500",5464.62,2025-03-05,2025-03-05
2024-06-24,"SP500",5447.87,2025-03-05,2025-03-05
2024-06-25,"SP500",5469.3,2025-03-05,2025-03-05
2024-06-26,"SP500",5477.9,2025-03-05,2025-03-05
2024-06-27,"SP500",5482.87,2025-03-05,2025-03-05
2024-06-28,"SP500",5460.48,2025-03-05,2025-03-05
2024-07-01,"SP500",5475.09,2025-03-05,2025-03-05
2024-07-02,"SP500",5509.01,2025-03-05,2025-03-05
2024-07-03,"SP500",5537.02,2025-03-05,2025-03-05
2024-07-04,"SP500",NA,2025-03-05,2025-03-05
2024-07-05,"SP500",5567.19,2025-03-05,2025-03-05
2024-07-08,"SP500",5572.85,2025-03-05,2025-03-05
2024-07-09,"SP500",5576.98,2025-03-05,2025-03-05
2024-07-10,"SP500",5633.91,2025-03-05,2025-03-05
2024-07-11,"SP500",5584.54,2025-03-05,2025-03-05
2024-07-12,"SP500",5615.35,2025-03-05,2025-03-05
2024-07-15,"SP500",5631.22,2025-03-05,2025-03-05
2024-07-16,"SP500",5667.2,2025-03-05,2025-03-05
2024-07-17,"SP500",5588.27,2025-03-05,2025-03-05
2024-07-18,"SP500",5544.59,2025-03-05,2025-03-05
2024-07-19,"SP500",5505,2025-03-05,2025-03-05
2024-07-22,"SP500",5564.41,2025-03-05,2025-03-05
2024-07-23,"SP500",5555.74,2025-03-05,2025-03-05
2024-07-24,"SP500",5427.13,2025-03-05,2025-03-05
2024-07-25,"SP500",5399.22,2025-03-05,2025-03-05
2024-07-26,"SP500",5459.1,2025-03-05,2025-03-05
2024-07-29,"SP500",5463.54,2025-03-05,2025-03-05
2024-07-30,"SP500",5436.44,2025-03-05,2025-03-05
2024-07-31,"SP500",5522.3,2025-03-05,2025-03-05
2024-08-01,"SP500",5446.68,2025-03-05,2025-03-05
2024-08-02,"SP500",5346.56,2025-03-05,2025-03-05
2024-08-05,"SP500",5186.33,2025-03-05,2025-03-05
2024-08-06,"SP500",5240.03,2025-03-05,2025-03-05
2024-08-07,"SP500",5199.5,2025-03-05,2025-03-05
2024-08-08,"SP500",5319.31,2025-03-05,2025-03-05
2024-08-09,"SP500",5344.16,2025-03-05,2025-03-05
2024-08-12,"SP500",5344.39,2025-03-05,2025-03-05
2024-08-13,"SP500",5434.43,2025-03-05,2025-03-05
2024-08-14,"SP500",5455.21,2025-03-05,2025-03-05
2024-08-15,"SP500",5543.22,2025-03-05,2025-03-05
2024-08-16,"SP500",5554.25,2025-03-05,2025-03-05
2024-08-19,"SP500",5608.25,2025-03-05,2025-03-05
2024-08-20,"SP500",5597.12,2025-03-05,2025-03-05
2024-08-21,"SP500",5620.85,2025-03-05,2025-03-05
2024-08-22,"SP500",5570.64,2025-03-05,2025-03-05
2024-08-23,"SP500",5634.61,2025-03-05,2025-03-05
2024-08-26,"SP500",5616.84,2025-03-05,2025-03-05
2024-08-27,"SP500",5625.8,2025-03-05,2025-03-05
2024-08-28,"SP500",5592.18,2025-03-05,2025-03-05
2024-08-29,"SP500",5591.96,2025-03-05,2025-03-05
2024-08-30,"SP500",5648.4,2025-03-05,2025-03-05
2024-09-02,"SP500",NA,2025-03-05,2025-03-05
2024-09-03,"SP500",5528.93,2025-03-05,2025-03-05
2024-09-04,"SP500",5520.07,2025-03-05,2025-03-05
2024-09-05,"SP500",5503.41,2025-03-05,2025-03-05
2024-09-06,"SP500",5408.42,2025-03-05,2025-03-05
2024-09-09,"SP500",5471.05,2025-03-05,2025-03-05
2024-09-10,"SP500",5495.52,2025-03-05,2025-03-05
2024-09-11,"SP500",5554.13,2025-03-05,2025-03-05
2024-09-12,"SP500",5595.76,2025-03-05,2025-03-05
2024-09-13,"SP500",5626.02,2025-03-05,2025-03-05
2024-09-16,"SP500",5633.09,2025-03-05,2025-03-05
2024-09-17,"SP500",5634.58,2025-03-05,2025-03-05
2024-09-18,"SP500",5618.26,2025-03-05,2025-03-05
2024-09-19,"SP500",5713.64,2025-03-05,2025-03-05
2024-09-20,"SP500",5702.55,2025-03-05,2025-03-05
2024-09-23,"SP500",5718.57,2025-03-05,2025-03-05
2024-09-24,"SP500",5732.93,2025-03-05,2025-03-05
2024-09-25,"SP500",5722.26,2025-03-05,2025-03-05
2024-09-26,"SP500",5745.37,2025-03-05,2025-03-05
2024-09-27,"SP500",5738.17,2025-03-05,2025-03-05
2024-09-30,"SP500",5762.48,2025-03-05,2025-03-05
2024-10-01,"SP500",5708.75,2025-03-05,2025-03-05
2024-10-02,"SP500",5709.54,2025-03-05,2025-03-05
2024-10-03,"SP500",5699.94,2025-03-05,2025-03-05
2024-10-04,"SP500",5751.07,2025-03-05,2025-03-05
2024-10-07,"SP500",5695.94,2025-03-05,2025-03-05
2024-10-08,"SP500",5751.13,2025-03-05,2025-03-05
2024-10-09,"SP500",5792.04,2025-03-05,2025-03-05
2024-10-10,"SP500",5780.05,2025-03-05,2025-03-05
2024-10-11,"SP500",5815.03,2025-03-05,2025-03-05
2024-10-14,"SP500",5859.85,2025-03-05,2025-03-05
2024-10-15,"SP500",5815.26,2025-03-05,2025-03-05
2024-10-16,"SP500",5842.47,2025-03-05,2025-03-05
2024-10-17,"SP500",5841.47,2025-03-05,2025-03-05
2024-10-18,"SP500",5864.67,2025-03-05,2025-03-05
2024-10-21,"SP500",5853.98,2025-03-05,2025-03-05
2024-10-22,"SP500",5851.2,2025-03-05,2025-03-05
2024-10-23,"SP500",5797.42,2025-03-05,2025-03-05
2024-10-24,"SP500",5809.86,2025-03-05,2025-03-05
2024-10-25,"SP500",5808.12,2025-03-05,2025-03-05
2024-10-28,"SP500",5823.52,2025-03-05,2025-03-05
2024-10-29,"SP500",5832.92,2025-03-05,2025-03-05
2024-10-30,"SP500",5813.67,2025-03-05,2025-03-05
2024-10-31,"SP500",5705.45,2025-03-05,2025-03-05
2024-11-01,"SP500",5728.8,2025-03-05,2025-03-05
2024-11-04,"SP500",5712.69,2025-03-05,2025-03-05
2024-11-05,"SP500",5782.76,2025-03-05,2025-03-05
2024-11-06,"SP500",5929.04,2025-03-05,2025-03-05
2024-11-07,"SP500",5973.1,2025-03-05,2025-03-05
2024-11-08,"SP500",5995.54,2025-03-05,2025-03-05
2024-11-11,"SP500",6001.35,2025-03-05,2025-03-05
2024-11-12,"SP500",5983.99,2025-03-05,2025-03-05
2024-11-13,"SP500",5985.38,2025-03-05,2025-03-05
2024-11-14,"SP500",5949.17,2025-03-05,2025-03-05
2024-11-15,"SP500",5870.62,2025-03-05,2025-03-05
2024-11-18,"SP500",5893.62,2025-03-05,2025-03-05
2024-11-19,"SP500",5916.98,2025-03-05,2025-03-05
2024-11-20,"SP500",5917.11,2025-03-05,2025-03-05
2024-11-21,"SP500",5948.71,2025-03-05,2025-03-05
2024-11-22,"SP500",5969.34,2025-03-05,2025-03-05
2024-11-25,"SP500",5987.37,2025-03-05,2025-03-05
2024-11-26,"SP500",6021.63,2025-03-05,2025-03-05
2024-11-27,"SP500",5998.74,2025-03-05,2025-03-05
2024-11-28,"SP500",NA,2025-03-05,2025-03-05
2024-11-29,"SP500",6032.38,2025-03-05,2025-03-05
2024-12-02,"SP500",6047.15,2025-03-05,2025-03-05
2024-12-03,"SP500",6049.88,2025-03-05,2025-03-05
2024-12-04,"SP500",6086.49,2025-03-05,2025-03-05
2024-12-05,"SP500",6075.11,2025-03-05,2025-03-05
2024-12-06,"SP500",6090.27,2025-03-05,2025-03-05
2024-12-09,"SP500",6052.85,2025-03-05,2025-03-05
2024-12-10,"SP500",6034.91,2025-03-05,2025-03-05
2024-12-11,"SP500",6084.19,2025-03-05,2025-03-05
2024-12-12,"SP500",6051.25,2025-03-05,2025-03-05
2024-12-13,"SP500",6051.09,2025-03-05,2025-03-05
2024-12-16,"SP500",6074.08,2025-03-05,2025-03-05
2024-12-17,"SP500",6050.61,2025-03-05,2025-03-05
2024-12-18,"SP500",5872.16,2025-03-05,2025-03-05
2024-12-19,"SP500",5867.08,2025-03-05,2025-03-05
2024-12-20,"SP500",5930.85,2025-03-05,2025-03-05
2024-12-23,"SP500",5974.07,2025-03-05,2025-03-05
2024-12-24,"SP500",6040.04,2025-03-05,2025-03-05
2024-12-25,"SP500",NA,2025-03-05,2025-03-05
2024-12-26,"SP500",6037.59,2025-03-05,2025-03-05
2024-12-27,"SP500",5970.84,2025-03-05,2025-03-05
2024-12-30,"SP500",5906.94,2025-03-05,2025-03-05
2024-12-31,"SP500",5881.63,2025-03-05,2025-03-05
2025-01-01,"SP500",NA,2025-03-05,2025-03-05
2025-01-02,"SP500",5868.55,2025-03-05,2025-03-05
2025-01-03,"SP500",5942.47,2025-03-05,2025-03-05
2025-01-06,"SP500",5975.38,2025-03-05,2025-03-05
2025-01-07,"SP500",5909.03,2025-03-05,2025-03-05
2025-01-08,"SP500",5918.25,2025-03-05,2025-03-05
2025-01-09,"SP500",NA,2025-03-05,2025-03-05
2025-01-10,"SP500",5827.04,2025-03-05,2025-03-05
2025-01-13,"SP500",5836.22,2025-03-05,2025-03-05
2025-01-14,"SP500",5842.91,2025-03-05,2025-03-05
2025-01-15,"SP500",5949.91,2025-03-05,2025-03-05
2025-01-16,"SP500",5937.34,2025-03-05,2025-03-05
2025-01-17,"SP500",5996.66,2025-03-05,2025-03-05
2025-01-20,"SP500",NA,2025-03-05,2025-03-05
2025-01-21,"SP500",6049.24,2025-03-05,2025-03-05
2025-01-22,"SP500",6086.37,2025-03-05,2025-03-05
2025-01-23,"SP500",6118.71,2025-03-05,2025-03-05
2025-01-24,"SP500",6101.24,2025-03-05,2025-03-05
2025-01-27,"SP500",6012.28,2025-03-05,2025-03-05
2025-01-28,"SP500",6067.7,2025-03-05,2025-03-05
2025-01-29,"SP500",6039.31,2025-03-05,2025-03-05
2025-01-30,"SP500",6071.17,2025-03-05,2025-03-05
2025-01-31,"SP500",6040.53,2025-03-05,2025-03-05
2025-02-03,"SP500",5994.57,2025-03-05,2025-03-05
2025-02-04,"SP500",6037.88,2025-03-05,2025-03-05
2025-02-05,"SP500",6061.48,2025-03-05,2025-03-05
2025-02-06,"SP500",6083.57,2025-03-05,2025-03-05
2025-02-07,"SP500",6025.99,2025-03-05,2025-03-05
2025-02-10,"SP500",6066.44,2025-03-05,2025-03-05
2025-02-11,"SP500",6068.5,2025-03-05,2025-03-05
2025-02-12,"SP500",6051.97,2025-03-05,2025-03-05
2025-02-13,"SP500",6115.07,2025-03-05,2025-03-05
2025-02-14,"SP500",6114.63,2025-03-05,2025-03-05
2025-02-17,"SP500",NA,2025-03-05,2025-03-05
2025-02-18,"SP500",6129.58,2025-03-05,2025-03-05
2025-02-19,"SP500",6144.15,2025-03-05,2025-03-05
2025-02-20,"SP500",6117.52,2025-03-05,2025-03-05
2025-02-21,"SP500",6013.13,2025-03-05,2025-03-05
2025-02-24,"SP500",5983.25,2025-03-05,2025-03-05
2025-02-25,"SP500",5955.25,2025-03-05,2025-03-05
2025-02-26,"SP500",5956.06,2025-03-05,2025-03-05
2025-02-27,"SP500",5861.57,2025-03-05,2025-03-05
2025-02-28,"SP500",5954.5,2025-03-05,2025-03-05
2025-03-03,"SP500",5849.72,2025-03-05,2025-03-05
2025-03-04,"SP500",5778.15,2025-03-05,2025-03-05
2025-03-05,"SP500",5842.63,2025-03-05,2025-03-05
